[
    {
        "task": "attend meeting",
        "time": "03:14 PM",
        "timestamp": 1738230278.726141,
        "priority": "normal",
        "repeat": null,
        "created_at": "2025-01-30T15:04:38.727139",
        "id": 1,
        "status": "active"
    },
    {
        "task": "rem",
        "time": "03:07:25 PM",
        "timestamp": 1738229845.001431,
        "priority": "normal",
        "repeat": null,
        "created_at": "2025-01-30T15:07:15.002429",
        "type": "relative_secs",
        "id": 2,
        "status": "active"
    },
    {
        "task": "rem",
        "time": "03:07:46 PM",
        "timestamp": 1738229866.719099,
        "priority": "normal",
        "repeat": null,
        "created_at": "2025-01-30T15:07:41.720093",
        "type": "relative_secs",
        "id": 3,
        "status": "active"
    },
    {
        "task": "eat lunch",
        "time": "03:08:07 PM",
        "timestamp": 1738229887.153406,
        "priority": "normal",
        "repeat": null,
        "created_at": "2025-01-30T15:07:57.154403",
        "type": "relative_secs",
        "id": 4,
        "status": "active"
    },
    {
        "task": "do your homework",
        "time": "03:12:27 PM",
        "timestamp": 1738230147.966397,
        "priority": "normal",
        "repeat": null,
        "created_at": "2025-01-30T15:12:22.968391",
        "type": "relative_secs",
        "id": 5,
        "status": "active"
    },
    {
        "task": "rem",
        "time": "03:43:35 PM",
        "timestamp": 1738232015.151353,
        "priority": "normal",
        "repeat": null,
        "created_at": "2025-01-30T15:13:35.153346",
        "type": "relative_mins",
        "id": 6,
        "status": "active"
    },
    {
        "task": "rem",
        "time": "03:15:10 PM",
        "timestamp": 1738230310.01952,
        "priority": "normal",
        "repeat": null,
        "created_at": "2025-01-30T15:15:00.022512",
        "type": "relative_secs",
        "id": 7,
        "status": "active"
    },
    {
        "task": "in 10 seconds.",
        "time": "03:17:02 PM",
        "timestamp": 1738230422.140916,
        "priority": "normal",
        "repeat": null,
        "created_at": "2025-01-30T15:16:52.143907",
        "type": "relative_secs",
        "id": 8,
        "status": "active"
    },
    {
        "task": "call mom",
        "time": "03:47:26 PM",
        "timestamp": 1738232246.261651,
        "priority": "normal",
        "repeat": null,
        "created_at": "2025-01-30T15:17:26.262647",
        "type": "relative_mins",
        "id": 9,
        "status": "active"
    },
    {
        "task": "call mom",
        "time": "03:22:30 PM",
        "timestamp": 1738230750.134615,
        "priority": "normal",
        "repeat": null,
        "created_at": "2025-01-30T15:22:20.136614",
        "type": "relative_secs",
        "id": 10,
        "status": "active"
    },
    {
        "task": "check mail",
        "time": "03:27:31 PM",
        "timestamp": 1738231051.507001,
        "repeat": null,
        "created_at": "2025-01-30T15:27:21.507997",
        "id": 11,
        "status": "active"
    },
    {
        "task": "the meeting",
        "time": "03:00:00 AM",
        "timestamp": 1738272600.0,
        "repeat": null,
        "created_at": "2025-01-30T15:27:54.611034",
        "id": 12,
        "status": "active"
    },
    {
        "task": "me",
        "time": "03:00:00 AM",
        "timestamp": 1738359000.0,
        "repeat": null,
        "created_at": "2025-01-31T13:11:17.131638",
        "id": 13,
        "status": "active"
    },
    {
        "task": "in 10 seconds to call mom.",
        "time": "01:11:51 PM",
        "timestamp": 1738309311.334302,
        "repeat": null,
        "created_at": "2025-01-31T13:11:41.349263",
        "id": 14,
        "status": "active"
    },
    {
        "time": "today",
        "message": "call mom seconds.",
        "status": "active"
    },
    {
        "time": "05:00",
        "message": ".",
        "status": "active"
    },
    {
        "time": "10:00",
        "message": ".",
        "status": "active"
    },
    {
        "time": "14:00",
        "message": ".",
        "status": "active"
    },
    {
        "time": "05:00",
        "message": ".",
        "status": "active"
    },
    {
        "time": "10:00",
        "message": "to check mail.",
        "status": "active"
    },
    {
        "seconds": 5,
        "message": "to check mail.",
        "status": "active"
    },
    {
        "seconds": 10,
        "message": "set reminder to check merlin .",
        "status": "active"
    },
    {
        "seconds": 10,
        "message": "then call my dad.",
        "status": "active"
    },
    {
        "seconds": 5,
        "message": "take medicine.",
        "status": "active"
    },
    {
        "seconds": 5,
        "message": "Take medicine.",
        "status": "active"
    },
    {
        "seconds": 600,
        "message": "Call brother.",
        "status": "active"
    },
    {
        "task": "check mail",
        "time": "2025-02-01 05:30:00",
        "status": "active"
    },
    {
        "task": "call mom",
        "time": "2025-02-01 05:00:00",
        "status": "active",
        "priority": "normal",
        "created_at": "2025-01-31 14:40:35"
    },
    {
        "task": "check mail.",
        "time": "2025-01-31 14:41:43",
        "status": "active",
        "priority": "normal",
        "created_at": "2025-01-31 14:41:38"
    },
    {
        "task": "drink water",
        "time": "2025-01-31 14:42:05",
        "status": "active",
        "priority": "normal",
        "created_at": "2025-01-31 14:41:55"
    },
    {
        "task": "in 10 seconds.",
        "time": "2025-01-31 14:42:27",
        "status": "active",
        "priority": "normal",
        "created_at": "2025-01-31 14:42:17"
    },
    {
        "task": "call mom",
        "time": "2025-01-31 14:50:06",
        "status": "active",
        "priority": "normal",
        "created_at": "2025-01-31 14:50:01"
    },
    {
        "task": "eat lunch.",
        "time": "2025-01-31 15:00:14",
        "status": "active",
        "priority": "normal",
        "created_at": "2025-01-31 14:50:14"
    },
    {
        "task": "take medicines.",
        "time": "2025-01-31 15:10:02",
        "status": "active",
        "priority": "normal",
        "created_at": "2025-01-31 15:00:02"
    },
    {
        "task": "then call brother.",
        "time": "2025-01-31 15:00:23",
        "status": "active",
        "priority": "normal",
        "created_at": "2025-01-31 15:00:13"
    }
]