{
    "mom": {
        "name": "mom",
        "phone": "7015567926",
        "email": "example@email.com",
        "groups": ["family"],
        "notes": "Mom"
    },
    
    "dad": {
        "name": "dad",
        "phone": "8222023782",
        "email": "example@email.com",
        "groups": ["family"],
        "notes": "Dad"
    },

    "amit": {
        "name": "dad",
        "phone": "9643235592",
        "email": "example@email.com",
        "groups": ["brother"],
        "notes": "brothr"
    }
}